{"cameraMode":{"drawMode":0,"name":"Shaded","section":"Shading Mode"},"sceneLighting":false,"audioPlay":false,"sceneViewState":{"m_AlwaysRefresh":false,"showFog":true,"showSkybox":false,"showFlares":true,"showImageEffects":true,"showParticleSystems":true,"showVisualEffectGraphs":true,"m_FxEnabled":true},"in2DMode":false,"pivot":{"x":-0.00005817413330078125,"y":-0.006008654832839966,"z":-0.00005817413330078125},"rotation":{"x":0.27642983198165896,"y":-0.344478577375412,"z":0.1068977490067482,"w":0.8907862305641174},"size":21.2132625579834,"orthographic":true}