{"cameraMode":{"drawMode":0,"name":"Shaded","section":"Shading Mode"},"sceneLighting":true,"audioPlay":false,"sceneViewState":{"m_AlwaysRefresh":false,"showFog":true,"showSkybox":false,"showFlares":true,"showImageEffects":true,"showParticleSystems":true,"showVisualEffectGraphs":true,"m_FxEnabled":true},"in2DMode":false,"pivot":{"x":0.0010100007057189942,"y":0.7881664633750916,"z":0.18055200576782227},"rotation":{"x":0.29921770095825198,"y":0.13792335987091065,"z":-0.04373154789209366,"w":0.9431676268577576},"size":2.0785977840423586,"orthographic":true}