{"cameraMode":{"drawMode":0,"name":"Shaded","section":"Shading Mode"},"sceneLighting":false,"audioPlay":false,"sceneViewState":{"m_AlwaysRefresh":false,"showFog":true,"showSkybox":false,"showFlares":true,"showImageEffects":true,"showParticleSystems":true,"showVisualEffectGraphs":true,"m_FxEnabled":true},"in2DMode":false,"pivot":{"x":188.0886993408203,"y":2.9549999237060549,"z":50.11199951171875},"rotation":{"x":0.20243465900421143,"y":0.19103692471981049,"z":-0.04029349237680435,"w":0.9596454501152039},"size":0.05246458947658539,"orthographic":false}