{"cameraMode":{"drawMode":0,"name":"Shaded","section":"Shading Mode"},"sceneLighting":true,"audioPlay":false,"sceneViewState":{"m_AlwaysRefresh":false,"showFog":true,"showSkybox":true,"showFlares":true,"showImageEffects":true,"showParticleSystems":true,"showVisualEffectGraphs":true,"m_FxEnabled":true},"in2DMode":false,"pivot":{"x":-3.1710000038146974,"y":-0.3580000102519989,"z":-344.57098388671877},"rotation":{"x":-0.10037589818239212,"y":-0.4996300935745239,"z":0.05841875821352005,"w":-0.8584414124488831},"size":1.3928022384643555,"orthographic":true}